file_name,value
10010.jpg,False
10012.jpg,True
10015.jpg,True
10025.jpg,True
10032.jpg,False
10040.jpg,True
10047.jpg,True
10055.jpg,False
10067.jpg,True
10072.jpg,True
10075.jpg,True
10086.jpg,True
10088.jpg,False
10090.jpg,False
10107.jpg,True
10123.jpg,True
10125.jpg,True
1013.jpg,False
10131.jpg,True
10147.jpg,True
10149.jpg,False
10152.jpg,False
10169.jpg,True
10170.jpg,False
10183.jpg,False
10191.jpg,False
10201.jpg,True
10205.jpg,False
10208.jpg,True
10209.jpg,True
10210.jpg,False
10212.jpg,True
10220.jpg,False
10230.jpg,False
10238.jpg,True
10244.jpg,True
1025.jpg,True
10262.jpg,True
10269.jpg,False
10279.jpg,False
10281.jpg,False
10285.jpg,False
10299.jpg,True
10300.jpg,False
10303.jpg,True
10319.jpg,True
10324.jpg,True
10326.jpg,True
10328.jpg,False
10329.jpg,True
10330.jpg,True
10335.jpg,False
1034.jpg,False
10342.jpg,False
10350.jpg,True
1036.jpg,True
10369.jpg,True
10384.jpg,True
10396.jpg,True
10413.jpg,True
10433.jpg,True
10434.jpg,False
10442.jpg,True
10448.jpg,False
10451.jpg,False
10459.jpg,False
10460.jpg,False
10463.jpg,True
10470.jpg,True
10476.jpg,True
10486.jpg,True
10507.jpg,True
10508.jpg,True
10517.jpg,True
10524.jpg,True
10557.jpg,False
10564.jpg,True
10568.jpg,True
10572.jpg,False
10582.jpg,False
10591.jpg,True
10593.jpg,True
106.jpg,True
10605.jpg,True
10611.jpg,False
10614.jpg,True
1063.jpg,False
10633.jpg,False
1064.jpg,True
10649.jpg,True
10662.jpg,True
10667.jpg,True
10673.jpg,True
10677.jpg,True
10687.jpg,True
10695.jpg,True
10698.jpg,True
10718.jpg,True
10736.jpg,False
10740.jpg,False
10747.jpg,False
10749.jpg,False
10756.jpg,False
10761.jpg,True
10799.jpg,True
108.jpg,False
10802.jpg,True
10810.jpg,False
10822.jpg,False
10824.jpg,True
10833.jpg,False
10835.jpg,False
10845.jpg,True
10857.jpg,True
1086.jpg,True
10867.jpg,True
10868.jpg,True
10869.jpg,False
10875.jpg,True
10882.jpg,False
10884.jpg,True
1089.jpg,False
10896.jpg,False
1092.jpg,False
10934.jpg,True
10938.jpg,False
10941.jpg,True
10951.jpg,False
10954.jpg,True
10975.jpg,True
10976.jpg,True
10978.jpg,True
10981.jpg,False
10982.jpg,True
10987.jpg,True
10993.jpg,True
110.jpg,True
1100.jpg,False
11001.jpg,True
11005.jpg,True
11009.jpg,True
1104.jpg,True
11044.jpg,True
11052.jpg,False
11084.jpg,True
11095.jpg,False
11099.jpg,False
11105.jpg,False
11155.jpg,True
11165.jpg,False
11167.jpg,True
11173.jpg,False
11185.jpg,False
11195.jpg,True
11214.jpg,True
11226.jpg,True
11228.jpg,False
11229.jpg,True
11231.jpg,True
11243.jpg,False
11255.jpg,True
11262.jpg,False
11265.jpg,False
11294.jpg,True
11296.jpg,True
11305.jpg,False
11310.jpg,False
11319.jpg,True
11329.jpg,True
11338.jpg,True
11341.jpg,True
11362.jpg,False
11370.jpg,True
11371.jpg,False
11394.jpg,True
11396.jpg,True
11405.jpg,True
11413.jpg,True
11423.jpg,False
1143.jpg,True
11431.jpg,False
11442.jpg,False
11446.jpg,True
11457.jpg,True
11461.jpg,True
11465.jpg,True
11468.jpg,False
11472.jpg,True
11488.jpg,True
11503.jpg,True
11517.jpg,True
11521.jpg,False
11524.jpg,True
11535.jpg,True
11547.jpg,True
11551.jpg,True
11568.jpg,True
11578.jpg,False
11584.jpg,True
11590.jpg,True
11599.jpg,True
11602.jpg,True
11612.jpg,True
11628.jpg,False
1163.jpg,True
11630.jpg,True
11636.jpg,True
11651.jpg,True
11661.jpg,True
11674.jpg,False
11677.jpg,True
11678.jpg,True
1171.jpg,False
11716.jpg,True
11718.jpg,False
11728.jpg,False
11736.jpg,False
11748.jpg,True
11758.jpg,False
11762.jpg,True
11765.jpg,False
11767.jpg,False
11770.jpg,True
11773.jpg,False
11782.jpg,True
11804.jpg,False
11810.jpg,True
11828.jpg,True
11829.jpg,False
11830.jpg,False
11837.jpg,True
11843.jpg,True
11845.jpg,True
11847.jpg,True
11859.jpg,True
11888.jpg,True
11890.jpg,True
11892.jpg,True
11906.jpg,True
11908.jpg,True
11914.jpg,True
11915.jpg,False
11916.jpg,False
11917.jpg,False
11934.jpg,True
11954.jpg,True
11956.jpg,True
11962.jpg,True
11972.jpg,True
11982.jpg,True
11984.jpg,False
11988.jpg,True
11991.jpg,True
12002.jpg,True
12005.jpg,False
12007.jpg,False
12019.jpg,True
12020.jpg,True
12029.jpg,False
12031.jpg,True
12036.jpg,True
12037.jpg,True
12054.jpg,False
12088.jpg,True
121.jpg,False
12105.jpg,False
12139.jpg,True
12140.jpg,False
12154.jpg,False
12160.jpg,False
12163.jpg,True
12188.jpg,True
12192.jpg,False
12200.jpg,True
12204.jpg,True
12205.jpg,True
12208.jpg,True
12210.jpg,True
12223.jpg,False
12236.jpg,False
12240.jpg,True
12241.jpg,True
12243.jpg,False
12244.jpg,True
12258.jpg,False
12263.jpg,False
12278.jpg,False
1228.jpg,True
12293.jpg,False
12300.jpg,True
12303.jpg,True
12309.jpg,True
1231.jpg,True
12322.jpg,True
12339.jpg,False
12340.jpg,True
12353.jpg,True
12355.jpg,True
12357.jpg,False
12360.jpg,False
12362.jpg,False
12374.jpg,True
1238.jpg,True
12382.jpg,True
12384.jpg,True
12388.jpg,True
1240.jpg,True
12405.jpg,True
12413.jpg,True
12429.jpg,True
12430.jpg,True
12433.jpg,True
1244.jpg,False
12441.jpg,False
12452.jpg,True
12471.jpg,True
12479.jpg,True
12481.jpg,True
12491.jpg,True
12493.jpg,True
12510.jpg,False
12514.jpg,True
1253.jpg,True
12544.jpg,True
12553.jpg,True
12556.jpg,False
12561.jpg,True
12568.jpg,False
12572.jpg,False
12574.jpg,False
12586.jpg,False
12588.jpg,False
12598.jpg,True
12603.jpg,True
12609.jpg,False
12641.jpg,True
12643.jpg,False
12654.jpg,True
12691.jpg,True
12696.jpg,True
12706.jpg,False
12707.jpg,True
12714.jpg,False
12722.jpg,True
1273.jpg,False
12732.jpg,False
1274.jpg,False
12741.jpg,True
12743.jpg,True
12749.jpg,True
12750.jpg,False
12795.jpg,True
12802.jpg,True
12820.jpg,True
12821.jpg,False
12828.jpg,False
12834.jpg,False
12858.jpg,True
12867.jpg,True
12870.jpg,False
12880.jpg,True
12890.jpg,True
12895.jpg,True
12896.jpg,True
12898.jpg,True
129.jpg,True
12905.jpg,True
12917.jpg,True
12934.jpg,True
12935.jpg,True
12965.jpg,False
12969.jpg,False
12979.jpg,True
12980.jpg,False
12985.jpg,True
12994.jpg,True
13008.jpg,False
1301.jpg,False
13014.jpg,True
1302.jpg,True
13028.jpg,True
13036.jpg,False
13045.jpg,True
1305.jpg,True
13069.jpg,False
13078.jpg,False
13082.jpg,False
13096.jpg,True
13097.jpg,True
13102.jpg,False
13109.jpg,True
13110.jpg,True
13112.jpg,True
13113.jpg,True
13122.jpg,True
13124.jpg,False
13130.jpg,True
13135.jpg,True
13146.jpg,False
13160.jpg,False
13166.jpg,False
13171.jpg,False
13195.jpg,True
1321.jpg,True
1322.jpg,True
13236.jpg,False
13245.jpg,False
13251.jpg,True
13258.jpg,True
13265.jpg,True
13266.jpg,False
13270.jpg,True
13273.jpg,False
13278.jpg,False
13280.jpg,True
13281.jpg,False
13285.jpg,True
13300.jpg,False
13312.jpg,False
13314.jpg,True
13318.jpg,True
1332.jpg,False
13326.jpg,True
13349.jpg,False
13354.jpg,False
13356.jpg,True
13358.jpg,False
13359.jpg,False
13398.jpg,True
1342.jpg,False
13438.jpg,False
13439.jpg,True
1345.jpg,True
13453.jpg,True
13455.jpg,True
1346.jpg,False
13474.jpg,False
13506.jpg,True
13508.jpg,True
1351.jpg,False
13519.jpg,False
13524.jpg,True
13537.jpg,False
13557.jpg,False
13581.jpg,False
13610.jpg,True
13616.jpg,True
13624.jpg,True
13634.jpg,False
13647.jpg,False
13651.jpg,True
13654.jpg,False
1366.jpg,True
13660.jpg,True
13662.jpg,True
13665.jpg,True
13677.jpg,True
13678.jpg,True
13682.jpg,True
13685.jpg,True
13690.jpg,True
13691.jpg,False
13698.jpg,False
137.jpg,True
13719.jpg,False
13721.jpg,True
13724.jpg,True
13728.jpg,True
13729.jpg,True
13730.jpg,True
13731.jpg,False
13739.jpg,True
1377.jpg,False
13775.jpg,False
13782.jpg,True
13795.jpg,True
13796.jpg,False
13799.jpg,True
138.jpg,False
13803.jpg,False
13804.jpg,True
13806.jpg,False
13807.jpg,False
13822.jpg,True
13826.jpg,False
13835.jpg,True
13836.jpg,False
13853.jpg,False
13856.jpg,True
13863.jpg,False
13866.jpg,False
13881.jpg,True
13887.jpg,False
13889.jpg,True
13894.jpg,True
1390.jpg,False
13900.jpg,True
13916.jpg,True
13919.jpg,False
13923.jpg,True
13932.jpg,False
13935.jpg,False
13937.jpg,False
13946.jpg,False
13954.jpg,True
13970.jpg,True
13974.jpg,True
13975.jpg,True
13976.jpg,True
1398.jpg,False
13997.jpg,True
140.jpg,False
14003.jpg,True
14013.jpg,False
14015.jpg,False
14016.jpg,False
14023.jpg,True
14028.jpg,True
14042.jpg,True
14045.jpg,False
14051.jpg,True
14060.jpg,True
14062.jpg,False
14098.jpg,True
14100.jpg,True
14105.jpg,False
14111.jpg,False
14125.jpg,True
14138.jpg,True
14163.jpg,True
14167.jpg,True
14189.jpg,True
14195.jpg,True
14199.jpg,False
14201.jpg,False
14203.jpg,True
14209.jpg,False
14210.jpg,False
14225.jpg,True
14229.jpg,True
14235.jpg,False
14237.jpg,True
14239.jpg,True
14240.jpg,False
14241.jpg,True
14247.jpg,False
14249.jpg,False
14265.jpg,True
14279.jpg,False
14297.jpg,True
14298.jpg,False
14309.jpg,True
1431.jpg,False
14325.jpg,False
14326.jpg,True
14337.jpg,False
14339.jpg,False
14356.jpg,True
1436.jpg,False
14369.jpg,True
1437.jpg,True
14373.jpg,False
14383.jpg,False
14395.jpg,False
14400.jpg,True
14403.jpg,True
14418.jpg,True
14422.jpg,True
14423.jpg,True
14424.jpg,True
14432.jpg,True
14435.jpg,False
14443.jpg,True
14446.jpg,True
14457.jpg,False
14462.jpg,False
14476.jpg,True
14489.jpg,True
14493.jpg,False
14515.jpg,False
14525.jpg,True
14528.jpg,False
14559.jpg,True
1456.jpg,False
14562.jpg,False
14570.jpg,True
1458.jpg,True
14592.jpg,True
14594.jpg,False
14598.jpg,True
14602.jpg,True
14612.jpg,False
14617.jpg,True
14619.jpg,True
14621.jpg,True
14623.jpg,False
14626.jpg,True
14630.jpg,True
14632.jpg,False
14635.jpg,False
14648.jpg,True
14650.jpg,False
14657.jpg,True
1466.jpg,False
14664.jpg,True
14686.jpg,True
14688.jpg,False
1469.jpg,True
14695.jpg,False
147.jpg,True
14707.jpg,True
1471.jpg,False
14710.jpg,False
14715.jpg,True
14721.jpg,False
14723.jpg,False
14772.jpg,True
14780.jpg,False
14783.jpg,True
14784.jpg,False
14788.jpg,False
1479.jpg,True
14797.jpg,True
1480.jpg,True
14803.jpg,True
14806.jpg,False
14815.jpg,True
14820.jpg,False
14829.jpg,True
14837.jpg,False
14842.jpg,True
14845.jpg,True
14848.jpg,False
14854.jpg,True
14860.jpg,True
14861.jpg,False
14862.jpg,False
14875.jpg,True
14901.jpg,False
14902.jpg,True
14909.jpg,True
14912.jpg,True
1492.jpg,True
14920.jpg,True
14925.jpg,True
14931.jpg,True
1496.jpg,True
14971.jpg,True
1498.jpg,True
14984.jpg,False
14985.jpg,False
14986.jpg,True
14992.jpg,False
15003.jpg,False
15015.jpg,False
15016.jpg,True
15036.jpg,False
15041.jpg,True
15042.jpg,True
1505.jpg,True
15079.jpg,False
15081.jpg,False
1509.jpg,True
151.jpg,True
15108.jpg,True
15131.jpg,True
15142.jpg,False
15152.jpg,False
15164.jpg,False
15173.jpg,True
15174.jpg,False
15176.jpg,True
15178.jpg,True
15188.jpg,True
15195.jpg,True
15218.jpg,True
15225.jpg,True
15227.jpg,True
15230.jpg,True
15237.jpg,True
15246.jpg,False
15250.jpg,True
15251.jpg,True
15253.jpg,True
15281.jpg,True
15286.jpg,True
1529.jpg,True
15290.jpg,True
1530.jpg,False
15302.jpg,False
15308.jpg,False
15342.jpg,False
15343.jpg,False
15347.jpg,False
15353.jpg,False
15367.jpg,True
15372.jpg,True
15386.jpg,True
15393.jpg,True
15408.jpg,False
15421.jpg,True
15435.jpg,True
15437.jpg,True
1544.jpg,False
15440.jpg,True
15457.jpg,False
15473.jpg,True
15483.jpg,True
15489.jpg,True
1551.jpg,True
15519.jpg,True
15531.jpg,False
15537.jpg,True
15538.jpg,True
1554.jpg,True
15556.jpg,True
15572.jpg,False
15573.jpg,True
15574.jpg,False
15576.jpg,True
15584.jpg,True
15585.jpg,True
15586.jpg,True
15588.jpg,False
15617.jpg,True
15629.jpg,True
15656.jpg,True
15666.jpg,True
1567.jpg,True
15670.jpg,False
15673.jpg,True
15683.jpg,False
15694.jpg,False
15703.jpg,False
15724.jpg,True
15736.jpg,True
15738.jpg,True
15742.jpg,True
15750.jpg,True
15752.jpg,True
15759.jpg,False
1577.jpg,True
15774.jpg,True
158.jpg,False
15809.jpg,True
15811.jpg,True
15816.jpg,True
15833.jpg,True
15834.jpg,False
15863.jpg,True
15864.jpg,True
15880.jpg,False
15886.jpg,True
15889.jpg,False
1589.jpg,False
15914.jpg,False
15916.jpg,True
15917.jpg,True
15918.jpg,False
15923.jpg,True
1594.jpg,False
15942.jpg,False
15955.jpg,True
15959.jpg,False
15970.jpg,False
15974.jpg,False
15982.jpg,True
15986.jpg,False
15987.jpg,True
15991.jpg,False
15998.jpg,True
16005.jpg,True
16006.jpg,True
1601.jpg,True
16016.jpg,True
16023.jpg,False
16028.jpg,True
1605.jpg,True
16052.jpg,True
16057.jpg,True
16077.jpg,True
1608.jpg,True
16080.jpg,True
16085.jpg,True
16089.jpg,True
16091.jpg,False
16093.jpg,True
16095.jpg,True
16097.jpg,True
16099.jpg,False
161.jpg,True
16104.jpg,True
16105.jpg,False
1614.jpg,False
16166.jpg,False
16167.jpg,True
16168.jpg,True
16180.jpg,False
16181.jpg,True
16191.jpg,False
16202.jpg,True
16207.jpg,True
16212.jpg,True
16213.jpg,True
16216.jpg,True
16217.jpg,True
16224.jpg,False
16234.jpg,False
16236.jpg,True
1624.jpg,True
16247.jpg,True
16248.jpg,False
16252.jpg,True
16254.jpg,True
16265.jpg,True
16266.jpg,True
16270.jpg,True
16273.jpg,True
16281.jpg,False
16291.jpg,True
16294.jpg,True
16296.jpg,True
16298.jpg,True
16313.jpg,True
1632.jpg,False
16322.jpg,False
16333.jpg,True
1634.jpg,True
16341.jpg,False
16345.jpg,True
16351.jpg,True
16359.jpg,False
16360.jpg,True
16361.jpg,True
16364.jpg,True
16369.jpg,True
16392.jpg,True
16394.jpg,False
16398.jpg,False
16399.jpg,False
16402.jpg,True
16403.jpg,True
16417.jpg,False
16422.jpg,False
16433.jpg,True
16435.jpg,False
16437.jpg,False
16457.jpg,True
16498.jpg,True
16513.jpg,True
16522.jpg,False
16536.jpg,True
16547.jpg,True
16571.jpg,False
16572.jpg,True
16574.jpg,False
16577.jpg,False
16584.jpg,True
16585.jpg,True
16586.jpg,True
16587.jpg,False
16589.jpg,False
16616.jpg,True
16617.jpg,False
16623.jpg,True
16624.jpg,True
16628.jpg,True
16634.jpg,True
16654.jpg,False
1667.jpg,True
16680.jpg,False
16695.jpg,False
16701.jpg,True
16708.jpg,False
16719.jpg,True
16733.jpg,False
16736.jpg,False
16740.jpg,False
16745.jpg,False
16753.jpg,True
16754.jpg,False
16757.jpg,True
16758.jpg,False
16763.jpg,True
16771.jpg,True
16773.jpg,False
16784.jpg,True
16789.jpg,True
16790.jpg,True
16804.jpg,False
16807.jpg,True
16814.jpg,False
16819.jpg,False
16825.jpg,True
16841.jpg,True
16850.jpg,False
16862.jpg,False
16865.jpg,False
16869.jpg,True
16879.jpg,True
16880.jpg,False
16887.jpg,True
16889.jpg,True
16899.jpg,False
16904.jpg,True
16911.jpg,True
16928.jpg,False
16939.jpg,False
16945.jpg,False
16955.jpg,False
16961.jpg,True
16963.jpg,True
16986.jpg,True
16993.jpg,False
16996.jpg,True
17.jpg,False
17006.jpg,True
17013.jpg,True
17017.jpg,True
17023.jpg,True
17026.jpg,False
1703.jpg,True
17042.jpg,True
17057.jpg,True
17060.jpg,True
17062.jpg,True
17066.jpg,True
17070.jpg,True
17074.jpg,False
17076.jpg,True
17091.jpg,True
17095.jpg,False
17108.jpg,True
17123.jpg,True
17132.jpg,False
17149.jpg,False
17156.jpg,True
17166.jpg,True
17176.jpg,True
17178.jpg,True
17183.jpg,True
17193.jpg,False
17196.jpg,True
1720.jpg,True
1721.jpg,False
17214.jpg,True
17225.jpg,True
17246.jpg,True
17247.jpg,False
17265.jpg,False
17269.jpg,True
17271.jpg,True
17277.jpg,True
1728.jpg,True
17282.jpg,True
17287.jpg,True
17296.jpg,True
173.jpg,True
1730.jpg,False
17301.jpg,False
17307.jpg,True
17313.jpg,True
17325.jpg,True
17329.jpg,True
17330.jpg,True
17338.jpg,True
17358.jpg,True
17365.jpg,True
17368.jpg,True
17391.jpg,True
17395.jpg,True
17399.jpg,False
17400.jpg,True
1741.jpg,True
17416.jpg,True
1743.jpg,True
17438.jpg,True
17439.jpg,True
17443.jpg,False
17467.jpg,True
17471.jpg,True
17472.jpg,True
17486.jpg,False
17497.jpg,True
17504.jpg,False
17508.jpg,False
17517.jpg,False
1752.jpg,True
17520.jpg,False
17528.jpg,True
17533.jpg,False
17544.jpg,True
17559.jpg,True
17561.jpg,False
17565.jpg,False
17567.jpg,True
17568.jpg,True
17572.jpg,False
17596.jpg,False
17600.jpg,True
17603.jpg,False
17606.jpg,True
1761.jpg,False
17611.jpg,True
17626.jpg,True
17627.jpg,False
17632.jpg,True
17634.jpg,True
17635.jpg,True
17637.jpg,True
17639.jpg,True
17646.jpg,True
17651.jpg,False
17656.jpg,True
17663.jpg,True
17665.jpg,False
17669.jpg,True
17703.jpg,False
17706.jpg,True
1771.jpg,False
17737.jpg,True
17742.jpg,False
17760.jpg,True
17765.jpg,True
17773.jpg,False
17776.jpg,True
17777.jpg,True
17783.jpg,False
17792.jpg,True
17793.jpg,True
1780.jpg,False
17809.jpg,True
17812.jpg,False
17817.jpg,False
17826.jpg,False
17832.jpg,True
17842.jpg,True
17844.jpg,True
17848.jpg,True
17850.jpg,True
17853.jpg,False
17854.jpg,True
17858.jpg,True
17859.jpg,False
17863.jpg,False
17864.jpg,False
17875.jpg,False
17877.jpg,False
17890.jpg,True
17892.jpg,True
17895.jpg,False
17896.jpg,False
179.jpg,True
17909.jpg,True
1791.jpg,False
17913.jpg,True
17920.jpg,False
17927.jpg,True
17940.jpg,True
17941.jpg,True
1795.jpg,True
17959.jpg,True
17961.jpg,False
17971.jpg,False
17979.jpg,True
1798.jpg,False
17991.jpg,True
18007.jpg,True
18015.jpg,True
18028.jpg,True
18029.jpg,True
1803.jpg,True
18042.jpg,True
18044.jpg,True
18046.jpg,False
18054.jpg,True
18064.jpg,False
18088.jpg,True
18089.jpg,False
18091.jpg,True
181.jpg,True
18121.jpg,False
18128.jpg,True
18136.jpg,True
1814.jpg,True
18146.jpg,False
18192.jpg,False
1820.jpg,False
18201.jpg,True
18202.jpg,True
18209.jpg,True
18210.jpg,False
18217.jpg,False
18219.jpg,False
18253.jpg,True
18265.jpg,True
18268.jpg,True
1827.jpg,False
18279.jpg,True
1829.jpg,True
18302.jpg,True
18311.jpg,False
18319.jpg,False
18327.jpg,True
18347.jpg,True
18354.jpg,True
18365.jpg,True
1837.jpg,False
18377.jpg,False
18386.jpg,True
18387.jpg,False
18390.jpg,True
18395.jpg,True
18396.jpg,False
18407.jpg,False
18408.jpg,True
18429.jpg,False
18430.jpg,True
18449.jpg,True
18463.jpg,True
18467.jpg,True
18481.jpg,True
18486.jpg,True
18491.jpg,False
18496.jpg,False
185.jpg,True
18506.jpg,True
18510.jpg,True
18529.jpg,False
18533.jpg,True
18559.jpg,True
18587.jpg,False
18589.jpg,True
18592.jpg,False
18598.jpg,False
18603.jpg,False
18606.jpg,True
18611.jpg,False
18622.jpg,True
18630.jpg,True
18637.jpg,False
18660.jpg,True
18661.jpg,False
18663.jpg,True
1868.jpg,False
18688.jpg,False
18693.jpg,True
18724.jpg,False
18731.jpg,False
18739.jpg,True
18745.jpg,False
18750.jpg,True
18754.jpg,True
18758.jpg,True
1876.jpg,True
18765.jpg,True
18766.jpg,True
18773.jpg,True
18774.jpg,True
18775.jpg,False
18780.jpg,True
18785.jpg,False
18787.jpg,True
18788.jpg,True
18797.jpg,True
18830.jpg,True
1884.jpg,True
18840.jpg,True
18841.jpg,True
18848.jpg,False
18851.jpg,True
18863.jpg,False
18865.jpg,False
18876.jpg,True
18877.jpg,True
18883.jpg,True
18884.jpg,True
1889.jpg,True
18896.jpg,True
189.jpg,False
18916.jpg,False
18921.jpg,False
18938.jpg,True
18943.jpg,True
18964.jpg,True
18967.jpg,False
18981.jpg,True
18988.jpg,True
18993.jpg,True
18999.jpg,True
190.jpg,True
19018.jpg,True
19022.jpg,False
19034.jpg,True
19047.jpg,True
19048.jpg,True
19053.jpg,False
19057.jpg,True
19070.jpg,True
19092.jpg,False
19097.jpg,True
19103.jpg,False
19110.jpg,False
19123.jpg,False
19129.jpg,True
19133.jpg,True
19134.jpg,True
1917.jpg,True
1918.jpg,False
19184.jpg,True
19195.jpg,True
19202.jpg,True
19209.jpg,False
19211.jpg,True
19223.jpg,True
19225.jpg,True
19230.jpg,True
19237.jpg,False
19266.jpg,False
19276.jpg,True
19287.jpg,False
19296.jpg,True
19297.jpg,True
1930.jpg,False
19305.jpg,True
19316.jpg,True
19347.jpg,True
19355.jpg,False
19356.jpg,False
19359.jpg,False
19375.jpg,True
19396.jpg,False
19404.jpg,True
1941.jpg,True
19416.jpg,False
19420.jpg,False
19427.jpg,False
19430.jpg,False
19439.jpg,True
19444.jpg,True
19445.jpg,True
19468.jpg,True
19469.jpg,True
19471.jpg,False
19474.jpg,False
19475.jpg,True
19484.jpg,True
19508.jpg,True
19511.jpg,True
19513.jpg,True
19522.jpg,True
19538.jpg,False
19554.jpg,True
19572.jpg,True
19574.jpg,True
19585.jpg,True
19618.jpg,True
19623.jpg,True
19634.jpg,True
19642.jpg,False
19651.jpg,True
19653.jpg,True
19661.jpg,False
19669.jpg,True
1967.jpg,False
19670.jpg,False
19673.jpg,True
19681.jpg,True
19684.jpg,False
19686.jpg,True
19690.jpg,False
19693.jpg,True
19698.jpg,True
19712.jpg,False
19730.jpg,True
19738.jpg,True
19763.jpg,False
19779.jpg,False
19808.jpg,False
19814.jpg,True
19820.jpg,False
19828.jpg,True
19840.jpg,True
19854.jpg,True
19872.jpg,False
19887.jpg,False
19891.jpg,False
1990.jpg,False
19908.jpg,True
19912.jpg,True
19931.jpg,False
19959.jpg,False
1996.jpg,True
19967.jpg,True
19970.jpg,True
19988.jpg,False
19999.jpg,False
2.jpg,True
20014.jpg,True
2002.jpg,False
20024.jpg,True
20038.jpg,False
2004.jpg,True
20055.jpg,True
20088.jpg,True
20093.jpg,False
20094.jpg,True
20099.jpg,True
20109.jpg,False
2011.jpg,False
20116.jpg,False
20117.jpg,True
20121.jpg,False
20123.jpg,True
20132.jpg,False
20147.jpg,True
20182.jpg,True
20188.jpg,False
20191.jpg,True
20195.jpg,True
20212.jpg,True
20215.jpg,True
20245.jpg,False
20249.jpg,True
20254.jpg,True
20255.jpg,False
20269.jpg,True
20277.jpg,True
20281.jpg,True
20282.jpg,True
20284.jpg,True
20295.jpg,True
20305.jpg,False
20306.jpg,True
20319.jpg,True
2033.jpg,True
20332.jpg,True
20340.jpg,False
20343.jpg,True
20358.jpg,False
20364.jpg,False
20366.jpg,True
20368.jpg,False
20381.jpg,True
20388.jpg,False
20396.jpg,False
20398.jpg,True
2041.jpg,False
2042.jpg,True
20420.jpg,True
20427.jpg,False
20438.jpg,True
20442.jpg,True
20448.jpg,False
20452.jpg,False
20453.jpg,False
20454.jpg,True
20471.jpg,True
20473.jpg,True
20493.jpg,True
2051.jpg,False
20520.jpg,True
20530.jpg,True
20531.jpg,False
20536.jpg,False
20541.jpg,True
20542.jpg,False
20545.jpg,False
20557.jpg,True
20569.jpg,True
2057.jpg,False
20570.jpg,False
20585.jpg,True
20600.jpg,True
20609.jpg,False
2061.jpg,False
20620.jpg,True
20622.jpg,True
20634.jpg,True
20636.jpg,True
20639.jpg,True
20641.jpg,True
20651.jpg,True
20668.jpg,True
20676.jpg,False
20681.jpg,True
20697.jpg,True
20698.jpg,False
20701.jpg,False
20707.jpg,False
20713.jpg,True
20714.jpg,False
20725.jpg,False
2074.jpg,True
20751.jpg,True
20753.jpg,True
20759.jpg,True
20760.jpg,True
20765.jpg,True
20771.jpg,False
20804.jpg,True
20805.jpg,True
20806.jpg,True
20813.jpg,True
2082.jpg,True
20835.jpg,False
20840.jpg,True
20844.jpg,True
20846.jpg,False
2085.jpg,True
20853.jpg,True
20858.jpg,True
20859.jpg,False
20872.jpg,False
20876.jpg,False
20891.jpg,False
20896.jpg,False
20907.jpg,True
20928.jpg,True
2093.jpg,True
20932.jpg,False
20954.jpg,True
20961.jpg,False
20962.jpg,True
2097.jpg,True
20974.jpg,True
20978.jpg,True
20986.jpg,False
2099.jpg,True
20998.jpg,False
20999.jpg,True
21000.jpg,False
21010.jpg,False
21014.jpg,True
21020.jpg,True
21028.jpg,True
21032.jpg,True
21035.jpg,True
21037.jpg,False
21047.jpg,False
21057.jpg,True
21061.jpg,False
21067.jpg,True
21093.jpg,False
211.jpg,True
21109.jpg,True
21114.jpg,True
21118.jpg,True
2112.jpg,True
21122.jpg,False
21137.jpg,False
21139.jpg,True
21156.jpg,True
2118.jpg,True
21186.jpg,True
21189.jpg,True
21192.jpg,False
212.jpg,True
2121.jpg,True
21214.jpg,False
21226.jpg,False
21234.jpg,True
21244.jpg,True
21259.jpg,True
21264.jpg,False
21285.jpg,False
2129.jpg,True
21317.jpg,True
2132.jpg,False
21320.jpg,False
21326.jpg,True
21328.jpg,True
2134.jpg,True
21345.jpg,False
21349.jpg,True
21373.jpg,True
21380.jpg,False
21400.jpg,False
21405.jpg,True
21430.jpg,True
21453.jpg,True
21454.jpg,False
21459.jpg,False
21462.jpg,True
2147.jpg,False
21485.jpg,True
21491.jpg,False
21523.jpg,True
21526.jpg,False
2153.jpg,False
21532.jpg,True
21536.jpg,True
2154.jpg,True
21555.jpg,False
21564.jpg,True
21565.jpg,True
21569.jpg,True
21572.jpg,True
21581.jpg,False
21599.jpg,True
21606.jpg,True
21608.jpg,True
2161.jpg,False
2162.jpg,True
21620.jpg,True
21630.jpg,True
21641.jpg,True
21653.jpg,True
21655.jpg,True
21683.jpg,True
21690.jpg,True
21696.jpg,False
21700.jpg,True
21705.jpg,True
21714.jpg,True
21717.jpg,True
21718.jpg,True
21733.jpg,False
21735.jpg,False
21737.jpg,True
21742.jpg,True
21754.jpg,True
21755.jpg,True
21756.jpg,True
2177.jpg,False
21789.jpg,False
2180.jpg,False
21800.jpg,True
21805.jpg,False
21838.jpg,True
21844.jpg,True
21845.jpg,False
21863.jpg,False
21866.jpg,True
21874.jpg,True
21875.jpg,False
21878.jpg,True
21879.jpg,True
21882.jpg,True
2189.jpg,False
21891.jpg,False
21898.jpg,False
21901.jpg,True
21918.jpg,True
21951.jpg,True
21958.jpg,False
2196.jpg,False
21993.jpg,False
21997.jpg,True
22001.jpg,False
22012.jpg,True
22015.jpg,True
22029.jpg,True
22037.jpg,False
22045.jpg,True
2205.jpg,True
22053.jpg,True
22069.jpg,False
22076.jpg,False
22077.jpg,False
22092.jpg,False
22108.jpg,True
22127.jpg,False
22157.jpg,False
22163.jpg,False
22164.jpg,True
2217.jpg,False
22171.jpg,True
22181.jpg,False
22185.jpg,True
22192.jpg,False
22200.jpg,True
22215.jpg,True
22221.jpg,False
22228.jpg,False
22252.jpg,False
22257.jpg,True
22266.jpg,True
22274.jpg,False
22277.jpg,True
22282.jpg,True
22296.jpg,False
22300.jpg,True
22304.jpg,True
22306.jpg,False
22307.jpg,False
22308.jpg,True
22313.jpg,True
22314.jpg,False
22317.jpg,True
2232.jpg,False
2233.jpg,True
22330.jpg,True
22345.jpg,True
22350.jpg,True
22359.jpg,True
22366.jpg,False
22370.jpg,False
22374.jpg,True
22377.jpg,False
22385.jpg,False
22407.jpg,False
22417.jpg,False
22418.jpg,True
22430.jpg,True
22435.jpg,False
22438.jpg,True
2244.jpg,False
22469.jpg,False
22492.jpg,True
2250.jpg,True
22502.jpg,True
22504.jpg,True
2251.jpg,False
22512.jpg,False
22519.jpg,True
2252.jpg,True
22536.jpg,True
22550.jpg,False
22553.jpg,True
22557.jpg,True
22559.jpg,True
22584.jpg,False
22597.jpg,True
22611.jpg,True
22621.jpg,True
22626.jpg,False
22636.jpg,True
22637.jpg,False
22654.jpg,False
22657.jpg,True
22659.jpg,True
2269.jpg,True
22694.jpg,True
2270.jpg,False
22713.jpg,True
22717.jpg,True
22731.jpg,True
22743.jpg,False
22760.jpg,False
22785.jpg,True
22794.jpg,True
22795.jpg,False
2280.jpg,True
22809.jpg,True
22818.jpg,True
22837.jpg,True
22842.jpg,True
22847.jpg,True
22849.jpg,False
22850.jpg,True
22852.jpg,True
22854.jpg,True
22857.jpg,True
22875.jpg,True
22884.jpg,False
22899.jpg,True
22902.jpg,False
22908.jpg,True
2292.jpg,False
22923.jpg,True
22926.jpg,True
22929.jpg,True
22930.jpg,False
22931.jpg,False
22932.jpg,True
22933.jpg,True
22939.jpg,True
22940.jpg,True
22958.jpg,True
22965.jpg,True
2297.jpg,False
22973.jpg,False
2298.jpg,True
22986.jpg,False
2300.jpg,False
23014.jpg,True
23019.jpg,True
23021.jpg,True
23032.jpg,False
23033.jpg,False
23035.jpg,True
23040.jpg,False
23044.jpg,True
23050.jpg,False
23077.jpg,False
23084.jpg,True
2309.jpg,True
23093.jpg,True
23095.jpg,True
23117.jpg,False
23127.jpg,False
23148.jpg,False
23150.jpg,True
23161.jpg,True
23178.jpg,True
23179.jpg,True
23185.jpg,False
2319.jpg,True
23197.jpg,True
2320.jpg,True
23205.jpg,False
23207.jpg,True
23208.jpg,False
23213.jpg,True
23223.jpg,False
23225.jpg,True
23226.jpg,False
23232.jpg,True
23240.jpg,True
23255.jpg,False
23256.jpg,True
23274.jpg,True
23275.jpg,True
23278.jpg,True
23286.jpg,False
23299.jpg,True
2330.jpg,True
23300.jpg,True
23307.jpg,True
23312.jpg,False
2332.jpg,True
23325.jpg,False
23345.jpg,False
23351.jpg,False
23352.jpg,True
23355.jpg,False
23360.jpg,False
23369.jpg,True
23371.jpg,True
23373.jpg,False
23390.jpg,False
23394.jpg,False
23395.jpg,True
23397.jpg,False
23418.jpg,False
23420.jpg,False
23421.jpg,True
23428.jpg,True
23448.jpg,True
23460.jpg,True
23465.jpg,False
23497.jpg,True
23503.jpg,True
23511.jpg,False
23513.jpg,True
23519.jpg,True
2353.jpg,True
23539.jpg,True
2356.jpg,True
23569.jpg,False
23582.jpg,False
23588.jpg,True
23591.jpg,True
23594.jpg,False
23597.jpg,False
2360.jpg,True
23604.jpg,False
23605.jpg,False
23607.jpg,True
23611.jpg,True
23614.jpg,False
23615.jpg,True
23616.jpg,False
23617.jpg,True
23622.jpg,True
23625.jpg,True
23631.jpg,False
23633.jpg,False
23636.jpg,True
23649.jpg,False
23678.jpg,False
23694.jpg,False
23727.jpg,True
2373.jpg,True
23744.jpg,True
2375.jpg,True
23762.jpg,True
23772.jpg,False
23775.jpg,False
23777.jpg,True
23815.jpg,False
23819.jpg,False
23820.jpg,True
23830.jpg,False
23838.jpg,True
23842.jpg,True
23849.jpg,True
23859.jpg,True
23878.jpg,False
2388.jpg,False
23880.jpg,False
23883.jpg,True
23888.jpg,False
23890.jpg,True
2390.jpg,True
23906.jpg,True
23913.jpg,False
23914.jpg,True
23926.jpg,True
23931.jpg,True
23935.jpg,True
23950.jpg,False
23957.jpg,False
23959.jpg,True
23963.jpg,True
23976.jpg,False
23977.jpg,False
23984.jpg,True
23989.jpg,True
2399.jpg,False
24001.jpg,True
24005.jpg,True
24010.jpg,True
2402.jpg,False
24056.jpg,True
24060.jpg,True
24064.jpg,True
24072.jpg,True
2408.jpg,False
24080.jpg,True
24082.jpg,True
24094.jpg,True
24098.jpg,True
24110.jpg,True
24120.jpg,True
2414.jpg,False
2417.jpg,True
24170.jpg,True
24177.jpg,True
24188.jpg,True
24192.jpg,True
24197.jpg,False
24202.jpg,False
24206.jpg,False
24207.jpg,True
24208.jpg,True
24209.jpg,True
24218.jpg,False
24223.jpg,False
24226.jpg,True
24243.jpg,True
24257.jpg,True
24267.jpg,True
24272.jpg,False
24273.jpg,False
24282.jpg,False
24296.jpg,True
24320.jpg,True
24332.jpg,False
24333.jpg,True
24338.jpg,True
24368.jpg,False
2438.jpg,False
24387.jpg,True
24388.jpg,True
244.jpg,True
2441.jpg,False
24414.jpg,True
24419.jpg,False
24422.jpg,True
24427.jpg,False
24456.jpg,True
24457.jpg,False
24462.jpg,True
24467.jpg,False
24470.jpg,True
24481.jpg,False
24504.jpg,True
24505.jpg,True
24506.jpg,True
24507.jpg,False
24511.jpg,True
24515.jpg,True
24520.jpg,False
24525.jpg,True
24533.jpg,True
24538.jpg,True
24555.jpg,True
24568.jpg,False
24571.jpg,False
24586.jpg,True
24591.jpg,True
24603.jpg,True
24613.jpg,True
24632.jpg,True
24641.jpg,False
24651.jpg,False
24655.jpg,False
24669.jpg,True
24674.jpg,True
24691.jpg,True
24697.jpg,True
24700.jpg,True
24702.jpg,True
2471.jpg,False
24719.jpg,True
24720.jpg,True
24726.jpg,True
24733.jpg,False
24760.jpg,False
24767.jpg,False
24771.jpg,True
24782.jpg,False
24787.jpg,True
24790.jpg,False
24791.jpg,True
24799.jpg,False
24800.jpg,False
24803.jpg,True
24811.jpg,False
24812.jpg,False
24829.jpg,True
24842.jpg,False
24849.jpg,False
24865.jpg,False
24868.jpg,False
24873.jpg,False
24887.jpg,False
24894.jpg,False
24896.jpg,False
24905.jpg,False
24907.jpg,True
24915.jpg,True
24926.jpg,False
2495.jpg,True
24977.jpg,True
24984.jpg,True
2500.jpg,False
25001.jpg,True
25005.jpg,True
25011.jpg,True
25020.jpg,True
25022.jpg,True
25032.jpg,True
25040.jpg,True
25053.jpg,False
25054.jpg,True
25071.jpg,True
25075.jpg,False
25083.jpg,True
25102.jpg,False
25104.jpg,True
25110.jpg,False
25115.jpg,True
25116.jpg,True
25120.jpg,True
25128.jpg,False
25129.jpg,False
25132.jpg,True
25139.jpg,True
25147.jpg,True
25152.jpg,True
25158.jpg,True
2516.jpg,True
25168.jpg,False
25181.jpg,False
25189.jpg,True
25190.jpg,True
25201.jpg,False
25203.jpg,True
25215.jpg,True
25228.jpg,False
25230.jpg,True
25233.jpg,True
25243.jpg,False
25245.jpg,False
25262.jpg,False
25263.jpg,True
25284.jpg,True
25289.jpg,True
25296.jpg,True
25302.jpg,False
25314.jpg,True
25350.jpg,False
25373.jpg,False
25386.jpg,True
25388.jpg,False
25405.jpg,True
25406.jpg,False
25418.jpg,True
25434.jpg,True
25442.jpg,False
25447.jpg,True
2545.jpg,True
25457.jpg,True
25461.jpg,False
25464.jpg,False
25482.jpg,True
25484.jpg,False
25486.jpg,False
255.jpg,True
2550.jpg,True
25512.jpg,True
25525.jpg,True
25526.jpg,True
2553.jpg,False
25530.jpg,True
25536.jpg,True
25550.jpg,True
25556.jpg,True
25558.jpg,False
25579.jpg,True
25594.jpg,True
25595.jpg,False
25596.jpg,False
2560.jpg,True
25600.jpg,False
25616.jpg,True
25623.jpg,True
25639.jpg,False
25646.jpg,False
25655.jpg,False
25659.jpg,False
25662.jpg,True
25696.jpg,True
25698.jpg,False
2570.jpg,True
25707.jpg,True
25711.jpg,True
2572.jpg,True
25735.jpg,False
25752.jpg,True
25754.jpg,True
25755.jpg,True
25760.jpg,True
25761.jpg,False
25762.jpg,True
25764.jpg,True
25798.jpg,False
25826.jpg,False
25834.jpg,False
25840.jpg,False
25845.jpg,True
25855.jpg,True
25857.jpg,False
25858.jpg,True
25871.jpg,True
25872.jpg,False
25877.jpg,False
25881.jpg,False
25885.jpg,False
25905.jpg,False
25910.jpg,False
25918.jpg,False
25923.jpg,False
25926.jpg,True
25930.jpg,True
25940.jpg,False
25941.jpg,False
25945.jpg,True
2595.jpg,True
25956.jpg,False
25989.jpg,False
25997.jpg,True
25998.jpg,False
260.jpg,True
26019.jpg,False
26022.jpg,True
26036.jpg,False
26039.jpg,True
26044.jpg,True
26045.jpg,False
26048.jpg,True
26054.jpg,True
26058.jpg,False
26100.jpg,False
26114.jpg,True
26115.jpg,True
2614.jpg,True
26157.jpg,True
26164.jpg,True
26171.jpg,True
26174.jpg,False
26182.jpg,True
26194.jpg,False
2621.jpg,True
26211.jpg,False
26228.jpg,False
26229.jpg,True
2623.jpg,False
26239.jpg,True
2624.jpg,True
26253.jpg,True
2627.jpg,False
26285.jpg,False
26294.jpg,False
26319.jpg,True
26323.jpg,True
26326.jpg,True
26333.jpg,False
26353.jpg,True
2638.jpg,True
26386.jpg,True
2639.jpg,True
26399.jpg,True
26417.jpg,True
26418.jpg,True
26419.jpg,True
26420.jpg,True
26428.jpg,True
2644.jpg,True
26442.jpg,True
26457.jpg,True
26475.jpg,False
26476.jpg,True
26481.jpg,True
26496.jpg,False
26515.jpg,False
26516.jpg,True
26520.jpg,True
26526.jpg,True
26527.jpg,True
2653.jpg,True
26533.jpg,True
26537.jpg,True
26541.jpg,False
26547.jpg,False
26569.jpg,True
26603.jpg,True
2661.jpg,True
26610.jpg,False
2662.jpg,True
26627.jpg,False
26628.jpg,True
26651.jpg,False
26662.jpg,True
26679.jpg,False
26684.jpg,True
26693.jpg,True
26698.jpg,True
267.jpg,True
26717.jpg,False
26718.jpg,True
26727.jpg,True
26732.jpg,False
26740.jpg,True
26741.jpg,False
26744.jpg,True
26757.jpg,True
26759.jpg,True
26763.jpg,True
26770.jpg,False
26776.jpg,False
26788.jpg,False
26805.jpg,True
26807.jpg,True
26812.jpg,True
2683.jpg,True
26848.jpg,True
26852.jpg,True
26863.jpg,True
26876.jpg,True
26889.jpg,True
2691.jpg,True
26911.jpg,True
26915.jpg,True
26923.jpg,True
2693.jpg,True
26931.jpg,True
26932.jpg,True
26939.jpg,True
26946.jpg,True
26954.jpg,False
26969.jpg,False
27001.jpg,True
27019.jpg,True
2704.jpg,True
27046.jpg,True
27050.jpg,True
27066.jpg,True
27069.jpg,False
27087.jpg,True
271.jpg,False
27101.jpg,True
27119.jpg,False
27144.jpg,True
2718.jpg,True
27181.jpg,True
27183.jpg,True
27189.jpg,False
27191.jpg,True
27195.jpg,True
2720.jpg,True
27205.jpg,True
27207.jpg,False
2721.jpg,False
27216.jpg,True
27224.jpg,False
2724.jpg,False
27249.jpg,True
2725.jpg,True
27251.jpg,True
27252.jpg,True
2726.jpg,False
27267.jpg,True
27269.jpg,False
27274.jpg,False
27278.jpg,True
27280.jpg,True
27293.jpg,True
27310.jpg,True
27316.jpg,False
27335.jpg,True
27337.jpg,True
27344.jpg,True
2735.jpg,True
27358.jpg,False
27360.jpg,False
27374.jpg,True
27383.jpg,True
27398.jpg,True
27408.jpg,False
2741.jpg,False
27415.jpg,True
27416.jpg,False
27421.jpg,True
27423.jpg,True
27430.jpg,True
27435.jpg,False
27440.jpg,True
27447.jpg,True
27458.jpg,True
27466.jpg,True
27489.jpg,True
275.jpg,True
27515.jpg,True
27530.jpg,False
27541.jpg,True
27556.jpg,False
27557.jpg,True
27565.jpg,True
27569.jpg,True
27572.jpg,False
27581.jpg,True
27583.jpg,True
2760.jpg,True
27604.jpg,True
27639.jpg,False
27654.jpg,False
27655.jpg,False
27657.jpg,True
27660.jpg,True
27679.jpg,True
27685.jpg,True
27688.jpg,True
27690.jpg,False
27712.jpg,True
27713.jpg,True
2772.jpg,True
27724.jpg,True
27734.jpg,False
27746.jpg,True
27747.jpg,True
27754.jpg,True
27769.jpg,True
27773.jpg,True
27817.jpg,False
27819.jpg,True
2782.jpg,False
27840.jpg,True
27850.jpg,True
27855.jpg,False
27871.jpg,True
27874.jpg,False
27896.jpg,True
27934.jpg,True
27935.jpg,False
27941.jpg,True
27960.jpg,False
27968.jpg,True
27984.jpg,False
27987.jpg,True
2799.jpg,True
28001.jpg,True
28003.jpg,True
2801.jpg,True
28011.jpg,True
28012.jpg,True
28019.jpg,False
28022.jpg,True
28024.jpg,False
28036.jpg,False
28037.jpg,False
28038.jpg,False
28052.jpg,True
28059.jpg,True
28070.jpg,False
28095.jpg,False
28097.jpg,True
28098.jpg,True
28106.jpg,False
28110.jpg,True
28112.jpg,False
28113.jpg,True
28116.jpg,False
28125.jpg,True
28151.jpg,False
28166.jpg,False
28177.jpg,True
28178.jpg,False
28180.jpg,True
28183.jpg,False
28185.jpg,False
28204.jpg,False
28233.jpg,True
28244.jpg,True
28245.jpg,True
28247.jpg,False
28259.jpg,True
28265.jpg,True
28281.jpg,True
2831.jpg,True
28316.jpg,True
28319.jpg,True
28327.jpg,False
28330.jpg,False
2834.jpg,True
28341.jpg,True
28347.jpg,True
28352.jpg,True
28356.jpg,False
28360.jpg,True
28361.jpg,False
28380.jpg,False
28384.jpg,True
28394.jpg,True
28395.jpg,False
28398.jpg,True
28403.jpg,True
28404.jpg,True
28408.jpg,True
28419.jpg,True
2842.jpg,True
28440.jpg,False
28445.jpg,False
28447.jpg,False
28455.jpg,True
28464.jpg,True
28468.jpg,True
28490.jpg,False
28513.jpg,False
28553.jpg,True
28559.jpg,False
28563.jpg,True
28577.jpg,False
28578.jpg,True
28579.jpg,True
28592.jpg,False
28593.jpg,True
28595.jpg,True
28623.jpg,True
28624.jpg,True
28633.jpg,True
28634.jpg,True
28635.jpg,True
28636.jpg,False
28648.jpg,True
28654.jpg,False
28663.jpg,True
28673.jpg,False
28682.jpg,False
28690.jpg,True
28695.jpg,True
28715.jpg,False
28717.jpg,False
28722.jpg,True
28738.jpg,True
28746.jpg,True
2875.jpg,True
28752.jpg,True
28766.jpg,False
28777.jpg,False
28783.jpg,True
288.jpg,False
28804.jpg,True
28813.jpg,True
28822.jpg,False
28824.jpg,True
28827.jpg,True
28832.jpg,True
28839.jpg,True
28841.jpg,True
28847.jpg,True
28858.jpg,True
28911.jpg,True
28914.jpg,False
28917.jpg,False
28918.jpg,True
28924.jpg,True
28942.jpg,False
28960.jpg,False
28967.jpg,True
28973.jpg,True
28979.jpg,False
28992.jpg,False
28998.jpg,True
29011.jpg,True
29021.jpg,True
29030.jpg,True
2905.jpg,True
29051.jpg,True
29057.jpg,False
29069.jpg,False
29070.jpg,True
29077.jpg,True
29084.jpg,False
29092.jpg,False
29105.jpg,True
29106.jpg,True
29107.jpg,True
29113.jpg,True
29146.jpg,True
2915.jpg,True
29154.jpg,False
29157.jpg,True
29165.jpg,False
29175.jpg,False
29178.jpg,True
29187.jpg,True
29199.jpg,True
292.jpg,True
29200.jpg,False
29208.jpg,True
29210.jpg,True
29223.jpg,True
29238.jpg,False
29249.jpg,False
29255.jpg,True
29260.jpg,False
29262.jpg,False
29265.jpg,True
29273.jpg,False
29277.jpg,False
2928.jpg,False
29287.jpg,False
29289.jpg,True
29294.jpg,False
29328.jpg,True
29330.jpg,False
29336.jpg,True
29346.jpg,True
29359.jpg,False
29360.jpg,True
29361.jpg,False
29363.jpg,True
29364.jpg,True
29366.jpg,False
29376.jpg,True
29382.jpg,True
29390.jpg,True
2940.jpg,False
29405.jpg,True
29407.jpg,True
29409.jpg,True
2941.jpg,True
29411.jpg,False
29421.jpg,True
29426.jpg,False
29429.jpg,True
2943.jpg,True
29436.jpg,True
29440.jpg,True
29444.jpg,True
29454.jpg,False
29462.jpg,False
29473.jpg,True
29482.jpg,True
29488.jpg,False
29491.jpg,True
29492.jpg,False
29496.jpg,False
29497.jpg,True
29498.jpg,True
29513.jpg,False
29530.jpg,True
29532.jpg,False
29541.jpg,True
29543.jpg,True
29563.jpg,True
29564.jpg,True
29567.jpg,True
29595.jpg,False
29610.jpg,True
29611.jpg,True
29655.jpg,False
29659.jpg,True
29660.jpg,True
29662.jpg,True
29663.jpg,False
29670.jpg,False
29676.jpg,True
29684.jpg,True
29688.jpg,True
29698.jpg,True
29705.jpg,False
29712.jpg,False
29716.jpg,False
29718.jpg,True
29723.jpg,False
29726.jpg,False
29736.jpg,True
2975.jpg,True
29753.jpg,False
29762.jpg,True
29777.jpg,False
29784.jpg,True
29793.jpg,True
2981.jpg,True
29812.jpg,True
29813.jpg,False
29827.jpg,True
29839.jpg,True
29846.jpg,True
29870.jpg,False
29879.jpg,True
29880.jpg,False
29883.jpg,False
29887.jpg,True
29888.jpg,True
29899.jpg,False
29906.jpg,True
29908.jpg,False
29911.jpg,False
29918.jpg,False
29923.jpg,True
29925.jpg,True
29935.jpg,False
29966.jpg,True
29983.jpg,False
29994.jpg,False
300.jpg,True
30013.jpg,True
30014.jpg,True
30022.jpg,True
30027.jpg,False
30029.jpg,False
3004.jpg,True
30040.jpg,True
30043.jpg,True
30070.jpg,True
30076.jpg,True
30077.jpg,True
30078.jpg,True
30084.jpg,False
30086.jpg,True
301.jpg,False
3011.jpg,True
30115.jpg,True
30124.jpg,True
30126.jpg,True
30129.jpg,True
30140.jpg,True
30145.jpg,True
30151.jpg,True
30156.jpg,False
30191.jpg,True
30205.jpg,True
30207.jpg,False
30222.jpg,True
3023.jpg,False
30232.jpg,False
30239.jpg,True
30240.jpg,True
30242.jpg,True
30244.jpg,False
30247.jpg,True
30250.jpg,False
3026.jpg,False
30279.jpg,False
30296.jpg,True
3030.jpg,True
30306.jpg,True
30315.jpg,True
30318.jpg,True
30321.jpg,True
30324.jpg,True
30335.jpg,True
30349.jpg,True
30356.jpg,True
30357.jpg,True
30360.jpg,True
30375.jpg,False
30381.jpg,False
30396.jpg,True
30459.jpg,False
30464.jpg,True
30465.jpg,True
30467.jpg,True
30468.jpg,False
30475.jpg,True
30480.jpg,True
30491.jpg,False
30492.jpg,True
30501.jpg,False
30524.jpg,False
30532.jpg,False
30538.jpg,True
30549.jpg,False
30555.jpg,True
30556.jpg,False
30558.jpg,False
30562.jpg,True
30570.jpg,True
30578.jpg,True
30579.jpg,True
30606.jpg,False
30621.jpg,False
30629.jpg,True
30641.jpg,False
30657.jpg,False
30660.jpg,True
30680.jpg,False
30687.jpg,True
30695.jpg,False
30699.jpg,True
30706.jpg,False
30716.jpg,True
30721.jpg,True
30723.jpg,True
30727.jpg,True
30729.jpg,False
30732.jpg,True
30733.jpg,True
30744.jpg,True
30747.jpg,True
30748.jpg,False
30753.jpg,True
30754.jpg,False
30758.jpg,True
30770.jpg,True
30799.jpg,True
308.jpg,False
30803.jpg,True
30806.jpg,False
30813.jpg,True
30829.jpg,True
30840.jpg,False
30857.jpg,True
30878.jpg,True
30895.jpg,True
30896.jpg,False
30914.jpg,False
30925.jpg,True
30940.jpg,True
30941.jpg,True
30947.jpg,True
30956.jpg,True
30966.jpg,False
3097.jpg,True
30983.jpg,False
31004.jpg,True
31014.jpg,False
31015.jpg,False
31046.jpg,False
31079.jpg,False
31082.jpg,True
31090.jpg,False
31093.jpg,True
31114.jpg,True
31122.jpg,False
31155.jpg,True
31184.jpg,True
31201.jpg,True
31204.jpg,False
31215.jpg,True
31228.jpg,True
31254.jpg,True
31259.jpg,True
31262.jpg,True
31270.jpg,True
31273.jpg,False
3129.jpg,False
31299.jpg,True
313.jpg,False
3130.jpg,True
31311.jpg,True
31312.jpg,False
3133.jpg,False
31342.jpg,False
31356.jpg,False
31360.jpg,True
31362.jpg,True
31372.jpg,True
31379.jpg,True
31396.jpg,True
31403.jpg,True
31411.jpg,True
31418.jpg,True
31426.jpg,True
31427.jpg,False
31428.jpg,True
31441.jpg,True
31449.jpg,False
31465.jpg,True
31475.jpg,True
31477.jpg,True
31481.jpg,True
31488.jpg,False
31489.jpg,True
31492.jpg,True
31495.jpg,True
31498.jpg,True
31513.jpg,True
31520.jpg,True
31560.jpg,True
31562.jpg,True
31566.jpg,True
31567.jpg,True
31568.jpg,True
31575.jpg,False
31579.jpg,True
31584.jpg,True
31588.jpg,True
31630.jpg,True
31639.jpg,True
31661.jpg,True
31672.jpg,True
31678.jpg,False
31681.jpg,True
31684.jpg,True
31702.jpg,False
31717.jpg,False
31719.jpg,True
31732.jpg,False
31735.jpg,True
31736.jpg,True
31743.jpg,False
31768.jpg,False
31771.jpg,False
31773.jpg,False
31777.jpg,False
31780.jpg,False
31786.jpg,False
31797.jpg,False
3180.jpg,False
31800.jpg,True
31804.jpg,False
31818.jpg,True
31839.jpg,False
3184.jpg,False
31842.jpg,True
31844.jpg,True
31862.jpg,True
31864.jpg,False
31885.jpg,True
31904.jpg,False
31914.jpg,False
31919.jpg,True
31920.jpg,True
31944.jpg,True
31959.jpg,True
31965.jpg,True
3197.jpg,False
31982.jpg,True
31989.jpg,True
31991.jpg,True
32000.jpg,True
32007.jpg,False
32014.jpg,True
32018.jpg,False
32050.jpg,True
32052.jpg,True
32053.jpg,True
32058.jpg,False
32059.jpg,True
32074.jpg,False
32088.jpg,False
32093.jpg,True
32102.jpg,True
32104.jpg,False
32109.jpg,True
32111.jpg,False
32114.jpg,True
32121.jpg,True
32125.jpg,True
32129.jpg,True
32130.jpg,True
32135.jpg,True
32137.jpg,False
3214.jpg,True
32143.jpg,False
32168.jpg,False
3220.jpg,False
32201.jpg,True
32205.jpg,False
32208.jpg,True
32218.jpg,True
32229.jpg,True
32232.jpg,False
32250.jpg,False
32271.jpg,True
32290.jpg,True
32302.jpg,True
32314.jpg,True
32317.jpg,False
32340.jpg,False
32342.jpg,True
32357.jpg,False
32368.jpg,False
32378.jpg,True
3238.jpg,True
32385.jpg,False
32389.jpg,True
3241.jpg,True
3242.jpg,False
32430.jpg,False
32447.jpg,True
32475.jpg,True
32489.jpg,False
32493.jpg,True
32496.jpg,True
32498.jpg,True
32500.jpg,False
32504.jpg,False
32505.jpg,True
32518.jpg,False
32519.jpg,False
32524.jpg,True
3253.jpg,True
32532.jpg,True
32533.jpg,False
32538.jpg,True
3254.jpg,True
32563.jpg,False
32566.jpg,True
32588.jpg,True
3259.jpg,True
32621.jpg,True
32649.jpg,False
32656.jpg,False
32658.jpg,True
32685.jpg,True
32689.jpg,True
32691.jpg,False
32698.jpg,True
327.jpg,True
32706.jpg,False
32719.jpg,False
32720.jpg,False
32738.jpg,True
32761.jpg,True
32772.jpg,True
32784.jpg,False
32789.jpg,True
3279.jpg,False
32794.jpg,True
32795.jpg,True
32798.jpg,True
32804.jpg,True
32807.jpg,True
32813.jpg,False
32819.jpg,True
32820.jpg,False
32821.jpg,False
32833.jpg,True
32839.jpg,True
32863.jpg,True
32877.jpg,False
32885.jpg,False
32929.jpg,True
32933.jpg,False
32954.jpg,False
32986.jpg,False
32991.jpg,True
33.jpg,True
33000.jpg,True
33002.jpg,False
33014.jpg,True
33026.jpg,False
33028.jpg,False
33035.jpg,True
33045.jpg,True
33062.jpg,False
33063.jpg,True
33077.jpg,True
33080.jpg,True
33082.jpg,False
33083.jpg,False
33090.jpg,True
33098.jpg,False
33111.jpg,True
33112.jpg,True
33113.jpg,True
33115.jpg,True
33117.jpg,True
33128.jpg,True
33136.jpg,False
33139.jpg,True
33149.jpg,False
33156.jpg,True
33165.jpg,True
33169.jpg,True
33183.jpg,True
33184.jpg,False
33191.jpg,True
33192.jpg,True
33204.jpg,True
33217.jpg,False
33218.jpg,True
3322.jpg,False
33223.jpg,True
33233.jpg,True
33236.jpg,True
33253.jpg,False
33259.jpg,False
33264.jpg,True
33269.jpg,True
33287.jpg,True
33292.jpg,True
33303.jpg,True
33304.jpg,False
33315.jpg,False
3332.jpg,True
33327.jpg,False
33333.jpg,True
33341.jpg,True
33348.jpg,False
33350.jpg,False
33359.jpg,True
33372.jpg,False
33388.jpg,True
33389.jpg,True
33394.jpg,False
33408.jpg,False
33434.jpg,False
33449.jpg,False
33454.jpg,False
33465.jpg,True
33466.jpg,True
33473.jpg,True
33474.jpg,True
33477.jpg,True
33488.jpg,True
33497.jpg,True
33498.jpg,True
33506.jpg,True
33510.jpg,True
33534.jpg,False
33539.jpg,True
33547.jpg,False
33557.jpg,False
33558.jpg,False
3356.jpg,False
33567.jpg,False
33569.jpg,False
33571.jpg,True
33582.jpg,True
33583.jpg,False
33589.jpg,False
3359.jpg,True
33592.jpg,True
33604.jpg,False
33605.jpg,False
33607.jpg,False
33611.jpg,True
33613.jpg,False
33623.jpg,True
33624.jpg,False
33626.jpg,True
33627.jpg,False
33646.jpg,False
33649.jpg,True
33651.jpg,True
33662.jpg,False
33672.jpg,True
33696.jpg,False
33697.jpg,False
33698.jpg,True
33702.jpg,False
33705.jpg,True
33709.jpg,True
33715.jpg,False
3372.jpg,True
33720.jpg,False
33722.jpg,True
33737.jpg,True
33748.jpg,True
33756.jpg,False
3376.jpg,False
33773.jpg,False
33775.jpg,True
33783.jpg,False
33788.jpg,True
33790.jpg,True
33801.jpg,True
33804.jpg,True
33805.jpg,True
33812.jpg,True
33823.jpg,True
33830.jpg,True
33837.jpg,False
33850.jpg,True
33887.jpg,True
33904.jpg,True
33909.jpg,False
33913.jpg,False
33921.jpg,True
33945.jpg,True
33957.jpg,True
33958.jpg,False
33961.jpg,True
33971.jpg,True
33979.jpg,True
33985.jpg,True
3400.jpg,True
34000.jpg,False
34005.jpg,True
34011.jpg,True
34020.jpg,False
34026.jpg,False
34045.jpg,True
34066.jpg,True
34071.jpg,True
34074.jpg,False
34075.jpg,False
34080.jpg,True
34083.jpg,True
34092.jpg,False
34101.jpg,False
34112.jpg,True
34122.jpg,True
3413.jpg,True
34139.jpg,True
34171.jpg,True
34180.jpg,True
34181.jpg,True
34200.jpg,True
34213.jpg,True
34217.jpg,True
34232.jpg,False
34235.jpg,True
34236.jpg,True
34241.jpg,False
34249.jpg,True
3425.jpg,True
34258.jpg,True
34267.jpg,False
34268.jpg,False
34276.jpg,True
3428.jpg,True
34284.jpg,True
34285.jpg,True
34290.jpg,False
3430.jpg,False
34310.jpg,True
34312.jpg,True
3432.jpg,True
34327.jpg,True
34336.jpg,True
34339.jpg,True
3434.jpg,False
34345.jpg,False
34348.jpg,False
34349.jpg,False
3435.jpg,True
34358.jpg,True
3436.jpg,True
34364.jpg,True
34371.jpg,False
34372.jpg,True
34376.jpg,False
3438.jpg,False
3439.jpg,True
34424.jpg,True
3443.jpg,True
34441.jpg,True
34442.jpg,True
34450.jpg,True
34451.jpg,True
3446.jpg,False
34476.jpg,True
34478.jpg,False
34480.jpg,False
34485.jpg,True
34486.jpg,False
34489.jpg,True
34492.jpg,False
34494.jpg,True
34504.jpg,True
34506.jpg,True
34508.jpg,False
34516.jpg,True
3453.jpg,True
34542.jpg,False
3456.jpg,True
34561.jpg,True
34573.jpg,True
34577.jpg,False
3458.jpg,False
34584.jpg,False
34591.jpg,True
34594.jpg,True
3461.jpg,True
34615.jpg,True
34618.jpg,True
34634.jpg,False
34640.jpg,False
34641.jpg,True
34655.jpg,True
34660.jpg,False
34667.jpg,False
34678.jpg,False
34699.jpg,True
34700.jpg,False
34707.jpg,True
3471.jpg,False
34713.jpg,True
34717.jpg,True
34718.jpg,True
34721.jpg,False
34723.jpg,False
34762.jpg,False
34766.jpg,True
34767.jpg,False
34775.jpg,True
34779.jpg,True
34796.jpg,True
34811.jpg,True
34818.jpg,True
34833.jpg,True
34835.jpg,True
34837.jpg,True
34849.jpg,False
34850.jpg,True
34853.jpg,False
34859.jpg,True
3486.jpg,True
34863.jpg,True
34865.jpg,True
34872.jpg,True
34876.jpg,True
34877.jpg,True
34881.jpg,True
34891.jpg,True
349.jpg,True
34908.jpg,True
34925.jpg,True
34929.jpg,True
34953.jpg,True
34959.jpg,True
34974.jpg,True
34997.jpg,False
35006.jpg,False
3503.jpg,False
35032.jpg,False
35038.jpg,True
35044.jpg,True
35080.jpg,False
35094.jpg,True
35097.jpg,True
351.jpg,True
35102.jpg,True
35106.jpg,False
35111.jpg,True
35114.jpg,True
35137.jpg,True
3515.jpg,False
3517.jpg,False
35184.jpg,False
35186.jpg,True
35223.jpg,False
35228.jpg,True
35243.jpg,True
35244.jpg,True
35245.jpg,True
35251.jpg,True
35266.jpg,True
35269.jpg,True
35274.jpg,True
35281.jpg,True
35289.jpg,True
35315.jpg,False
35319.jpg,True
35323.jpg,False
35325.jpg,False
3533.jpg,True
35330.jpg,True
35336.jpg,True
35338.jpg,False
35347.jpg,True
35351.jpg,False
35353.jpg,False
35357.jpg,False
35359.jpg,False
35366.jpg,False
35374.jpg,False
35402.jpg,True
35405.jpg,True
3541.jpg,False
35413.jpg,False
3542.jpg,True
35444.jpg,True
35462.jpg,False
35463.jpg,True
35467.jpg,True
35471.jpg,True
35475.jpg,True
35479.jpg,False
35480.jpg,True
35482.jpg,False
35491.jpg,False
35509.jpg,False
35516.jpg,True
35523.jpg,False
35543.jpg,True
3555.jpg,True
35557.jpg,True
35558.jpg,False
35575.jpg,True
35581.jpg,False
35585.jpg,False
35591.jpg,False
35609.jpg,True
35621.jpg,True
35633.jpg,False
35641.jpg,False
35643.jpg,True
35649.jpg,True
35654.jpg,True
35660.jpg,False
35667.jpg,False
35672.jpg,True
35683.jpg,True
35686.jpg,False
35690.jpg,True
35693.jpg,True
35694.jpg,False
35702.jpg,True
35708.jpg,True
35710.jpg,True
35711.jpg,False
35720.jpg,True
35726.jpg,True
35730.jpg,False
35735.jpg,False
35740.jpg,False
35743.jpg,False
35744.jpg,True
35760.jpg,False
35763.jpg,True
3577.jpg,True
35773.jpg,True
35783.jpg,True
35791.jpg,True
358.jpg,True
35826.jpg,True
3583.jpg,True
35832.jpg,True
35835.jpg,False
35838.jpg,True
35848.jpg,True
35862.jpg,True
35868.jpg,False
35870.jpg,True
35879.jpg,False
35880.jpg,True
35886.jpg,True
3591.jpg,True
3613.jpg,True
3622.jpg,True
3637.jpg,False
3640.jpg,False
3643.jpg,True
3648.jpg,True
3666.jpg,False
3682.jpg,True
3694.jpg,True
3707.jpg,True
3717.jpg,True
372.jpg,True
3723.jpg,True
3746.jpg,True
3748.jpg,False
3749.jpg,False
375.jpg,False
3750.jpg,False
3777.jpg,True
3782.jpg,True
3789.jpg,True
379.jpg,True
3807.jpg,True
381.jpg,True
3812.jpg,True
3821.jpg,False
3824.jpg,True
3828.jpg,True
3845.jpg,False
3848.jpg,False
3861.jpg,False
3887.jpg,True
389.jpg,True
3900.jpg,False
3914.jpg,False
3919.jpg,False
3921.jpg,True
3931.jpg,False
3937.jpg,True
3945.jpg,True
3950.jpg,False
3966.jpg,True
398.jpg,True
3983.jpg,True
3984.jpg,True
3993.jpg,False
3994.jpg,False
4001.jpg,True
4013.jpg,False
402.jpg,True
4022.jpg,False
4024.jpg,True
4030.jpg,True
4031.jpg,False
4034.jpg,True
4035.jpg,True
4056.jpg,False
4068.jpg,True
407.jpg,False
4070.jpg,True
4071.jpg,True
4079.jpg,True
4089.jpg,False
4093.jpg,False
4095.jpg,True
4096.jpg,True
4103.jpg,True
4131.jpg,True
4135.jpg,True
4136.jpg,False
4139.jpg,True
4140.jpg,True
4146.jpg,True
4149.jpg,True
4157.jpg,True
4168.jpg,True
4170.jpg,True
4188.jpg,True
4189.jpg,False
420.jpg,True
4225.jpg,False
4235.jpg,False
4245.jpg,True
4272.jpg,False
4278.jpg,True
428.jpg,True
4293.jpg,True
4297.jpg,False
4301.jpg,False
4319.jpg,True
432.jpg,True
4321.jpg,True
4329.jpg,False
4335.jpg,True
4337.jpg,True
4351.jpg,True
4355.jpg,False
4367.jpg,True
4369.jpg,False
4374.jpg,False
4378.jpg,True
4382.jpg,True
4392.jpg,True
4393.jpg,True
4401.jpg,True
4403.jpg,True
4404.jpg,True
4408.jpg,True
4423.jpg,True
4427.jpg,False
4440.jpg,True
4444.jpg,False
4446.jpg,False
4469.jpg,True
4471.jpg,True
4473.jpg,False
4477.jpg,True
4490.jpg,True
4497.jpg,True
45.jpg,False
4504.jpg,True
4507.jpg,True
4508.jpg,True
4522.jpg,True
4527.jpg,False
4531.jpg,True
4539.jpg,True
455.jpg,True
4578.jpg,False
4588.jpg,False
4593.jpg,True
4598.jpg,True
4601.jpg,True
4602.jpg,True
4612.jpg,False
4619.jpg,True
4627.jpg,False
4641.jpg,False
4646.jpg,True
4655.jpg,False
4658.jpg,True
4674.jpg,False
4675.jpg,False
4681.jpg,False
4688.jpg,True
4690.jpg,False
4695.jpg,True
4696.jpg,True
4716.jpg,True
4723.jpg,True
4733.jpg,False
474.jpg,True
4746.jpg,True
4755.jpg,True
4757.jpg,False
4758.jpg,False
476.jpg,True
4763.jpg,True
477.jpg,True
4772.jpg,True
4783.jpg,True
4784.jpg,False
4785.jpg,False
479.jpg,False
4794.jpg,True
4796.jpg,True
48.jpg,True
4819.jpg,False
4824.jpg,False
4841.jpg,True
486.jpg,False
4866.jpg,True
4869.jpg,True
4871.jpg,True
4891.jpg,False
49.jpg,False
4911.jpg,True
4918.jpg,True
4938.jpg,False
4943.jpg,False
4945.jpg,True
4961.jpg,False
4966.jpg,True
4971.jpg,True
4976.jpg,False
4977.jpg,True
4978.jpg,True
4981.jpg,False
4990.jpg,True
4994.jpg,True
5.jpg,True
50.jpg,True
5032.jpg,False
5065.jpg,True
5066.jpg,True
5068.jpg,False
5080.jpg,False
5122.jpg,True
5126.jpg,True
5131.jpg,True
5142.jpg,True
5144.jpg,True
5145.jpg,False
5148.jpg,True
5149.jpg,True
5151.jpg,False
5156.jpg,False
5158.jpg,False
5159.jpg,False
517.jpg,False
5173.jpg,True
5175.jpg,False
5180.jpg,False
5181.jpg,False
5195.jpg,False
5196.jpg,False
5199.jpg,True
5210.jpg,True
5212.jpg,False
5213.jpg,False
5223.jpg,False
5234.jpg,True
5235.jpg,True
5240.jpg,True
5241.jpg,False
5254.jpg,True
5256.jpg,True
5274.jpg,False
5280.jpg,False
5284.jpg,True
5285.jpg,True
5301.jpg,True
5311.jpg,False
5315.jpg,False
5319.jpg,True
5327.jpg,False
5349.jpg,True
5354.jpg,False
5359.jpg,True
5372.jpg,True
5378.jpg,True
5389.jpg,False
5406.jpg,True
5413.jpg,False
5415.jpg,True
5421.jpg,False
5441.jpg,False
5443.jpg,False
5473.jpg,True
5476.jpg,False
5483.jpg,True
5497.jpg,True
550.jpg,False
5518.jpg,False
5521.jpg,True
5532.jpg,True
5533.jpg,True
5538.jpg,True
5539.jpg,True
5551.jpg,True
5553.jpg,True
5557.jpg,True
5562.jpg,True
5575.jpg,True
5578.jpg,True
5585.jpg,True
5590.jpg,True
560.jpg,False
5612.jpg,True
5619.jpg,False
5626.jpg,True
5627.jpg,True
5628.jpg,False
5634.jpg,True
5635.jpg,False
5639.jpg,False
566.jpg,False
5670.jpg,True
5678.jpg,True
5683.jpg,False
5686.jpg,False
5701.jpg,False
5727.jpg,True
5731.jpg,True
5742.jpg,False
575.jpg,False
5752.jpg,True
5757.jpg,True
5759.jpg,False
576.jpg,False
578.jpg,False
5782.jpg,True
579.jpg,False
5790.jpg,True
5801.jpg,True
5802.jpg,False
5803.jpg,True
5815.jpg,True
5826.jpg,False
5827.jpg,True
5828.jpg,True
5843.jpg,False
5856.jpg,True
5861.jpg,True
5867.jpg,True
587.jpg,False
5871.jpg,True
5872.jpg,False
59.jpg,False
591.jpg,True
5911.jpg,True
5915.jpg,True
5928.jpg,False
5929.jpg,True
593.jpg,True
5944.jpg,False
5959.jpg,True
597.jpg,False
5974.jpg,False
5987.jpg,True
599.jpg,True
5999.jpg,True
600.jpg,True
6003.jpg,False
6005.jpg,False
6026.jpg,True
6030.jpg,True
6031.jpg,False
6053.jpg,True
6060.jpg,True
6066.jpg,True
6071.jpg,False
6072.jpg,True
6079.jpg,True
6097.jpg,True
6104.jpg,False
6111.jpg,True
6113.jpg,True
6114.jpg,False
6120.jpg,True
6140.jpg,True
6144.jpg,False
6146.jpg,True
6161.jpg,False
6163.jpg,True
6190.jpg,True
6194.jpg,False
622.jpg,True
6226.jpg,False
6227.jpg,False
6248.jpg,False
6254.jpg,False
6263.jpg,True
6291.jpg,False
6298.jpg,False
6301.jpg,True
6323.jpg,True
634.jpg,True
6341.jpg,False
6356.jpg,True
6361.jpg,True
6373.jpg,True
6383.jpg,True
6389.jpg,False
6393.jpg,True
6396.jpg,True
6399.jpg,False
6408.jpg,False
6421.jpg,True
6429.jpg,True
6431.jpg,False
6433.jpg,False
6435.jpg,False
6438.jpg,True
6452.jpg,True
6461.jpg,True
6462.jpg,True
6465.jpg,True
6470.jpg,True
6482.jpg,True
6496.jpg,False
6506.jpg,True
6509.jpg,True
6510.jpg,True
6511.jpg,True
6517.jpg,False
6524.jpg,False
6536.jpg,False
6543.jpg,True
6558.jpg,False
656.jpg,True
6568.jpg,True
6569.jpg,True
6570.jpg,True
6583.jpg,False
6591.jpg,False
6622.jpg,False
6623.jpg,True
6627.jpg,True
663.jpg,True
6631.jpg,False
6633.jpg,True
6639.jpg,False
6649.jpg,False
6650.jpg,True
6658.jpg,True
6665.jpg,True
6667.jpg,True
6668.jpg,False
6669.jpg,True
6678.jpg,False
6680.jpg,False
6681.jpg,True
669.jpg,True
6693.jpg,True
6728.jpg,False
6729.jpg,False
6730.jpg,True
6749.jpg,False
6753.jpg,False
6768.jpg,True
6774.jpg,True
6777.jpg,True
6801.jpg,True
6802.jpg,True
6803.jpg,True
6819.jpg,False
6820.jpg,False
6821.jpg,True
6822.jpg,False
6828.jpg,False
6830.jpg,True
6840.jpg,True
6845.jpg,True
6846.jpg,True
6848.jpg,False
6850.jpg,True
6852.jpg,True
6854.jpg,True
6863.jpg,True
6870.jpg,True
6874.jpg,True
6881.jpg,True
6883.jpg,False
6893.jpg,True
6900.jpg,True
6910.jpg,True
6938.jpg,False
6943.jpg,False
6946.jpg,True
6962.jpg,True
6980.jpg,False
6987.jpg,True
6991.jpg,True
701.jpg,True
702.jpg,True
7031.jpg,True
7033.jpg,True
7048.jpg,False
7051.jpg,True
7061.jpg,True
7063.jpg,False
7067.jpg,False
707.jpg,False
7074.jpg,True
7079.jpg,False
7087.jpg,True
709.jpg,True
71.jpg,True
710.jpg,True
7111.jpg,False
7113.jpg,True
7117.jpg,False
7125.jpg,True
7140.jpg,True
7144.jpg,False
7160.jpg,True
7176.jpg,True
718.jpg,True
7189.jpg,False
7194.jpg,True
7213.jpg,False
7224.jpg,True
723.jpg,False
7230.jpg,True
7235.jpg,False
7236.jpg,True
7243.jpg,False
7255.jpg,False
7285.jpg,False
7289.jpg,True
7308.jpg,True
731.jpg,True
7327.jpg,True
7336.jpg,False
7338.jpg,True
7340.jpg,False
7342.jpg,False
7349.jpg,True
7353.jpg,False
7354.jpg,True
7365.jpg,False
7367.jpg,True
7384.jpg,True
739.jpg,False
7393.jpg,False
7420.jpg,False
7426.jpg,False
7429.jpg,True
7432.jpg,True
744.jpg,True
7449.jpg,False
745.jpg,True
7451.jpg,False
746.jpg,True
7464.jpg,True
7478.jpg,False
748.jpg,False
7493.jpg,True
7510.jpg,False
7513.jpg,False
7520.jpg,True
7521.jpg,True
7527.jpg,False
7541.jpg,True
7549.jpg,False
755.jpg,True
7557.jpg,True
7558.jpg,True
7574.jpg,False
7591.jpg,False
7593.jpg,False
7601.jpg,True
7605.jpg,True
7614.jpg,False
7617.jpg,False
7632.jpg,False
7635.jpg,False
7638.jpg,True
7641.jpg,False
7646.jpg,True
7654.jpg,True
7658.jpg,True
7677.jpg,False
7678.jpg,True
768.jpg,False
769.jpg,True
7691.jpg,False
7718.jpg,True
7719.jpg,True
7720.jpg,False
7721.jpg,False
773.jpg,True
7734.jpg,True
7744.jpg,False
7746.jpg,True
7764.jpg,True
7766.jpg,False
7767.jpg,True
7784.jpg,True
7787.jpg,False
7805.jpg,True
7816.jpg,True
7820.jpg,True
7824.jpg,True
7828.jpg,True
7840.jpg,True
7843.jpg,False
7859.jpg,True
7863.jpg,True
7868.jpg,True
7873.jpg,False
7876.jpg,False
7879.jpg,True
7887.jpg,False
7893.jpg,False
7904.jpg,False
7931.jpg,True
7933.jpg,True
7936.jpg,False
7938.jpg,True
7951.jpg,False
7955.jpg,False
7960.jpg,True
7966.jpg,True
799.jpg,False
7990.jpg,True
7991.jpg,True
7995.jpg,True
8006.jpg,False
8009.jpg,True
8013.jpg,True
8015.jpg,True
8025.jpg,False
8037.jpg,False
8038.jpg,True
804.jpg,True
8045.jpg,False
8053.jpg,True
806.jpg,True
8108.jpg,True
811.jpg,True
8112.jpg,True
8147.jpg,False
815.jpg,False
8161.jpg,False
8165.jpg,False
8170.jpg,True
8187.jpg,True
8196.jpg,True
8199.jpg,True
8204.jpg,False
8207.jpg,True
8209.jpg,True
8225.jpg,True
825.jpg,True
8250.jpg,False
8257.jpg,False
8258.jpg,True
8281.jpg,True
8296.jpg,True
833.jpg,True
8343.jpg,True
8356.jpg,True
836.jpg,False
8364.jpg,True
8366.jpg,True
8367.jpg,True
8370.jpg,False
8378.jpg,True
8385.jpg,False
84.jpg,True
8405.jpg,False
8408.jpg,True
8419.jpg,True
8427.jpg,True
8429.jpg,True
8453.jpg,False
846.jpg,False
8462.jpg,True
8466.jpg,True
847.jpg,True
8492.jpg,True
8499.jpg,False
8501.jpg,True
8503.jpg,False
8522.jpg,False
8534.jpg,False
8537.jpg,True
8541.jpg,True
8553.jpg,False
8557.jpg,False
8566.jpg,True
8568.jpg,True
8578.jpg,False
8586.jpg,True
8588.jpg,False
8602.jpg,True
862.jpg,True
8621.jpg,False
8624.jpg,False
8629.jpg,False
8669.jpg,True
8671.jpg,True
8681.jpg,True
8688.jpg,True
869.jpg,False
8695.jpg,True
8701.jpg,True
8703.jpg,True
8705.jpg,True
871.jpg,True
8712.jpg,True
8728.jpg,True
8730.jpg,True
8735.jpg,True
8741.jpg,True
8746.jpg,False
8760.jpg,True
8771.jpg,True
8778.jpg,True
8780.jpg,True
8781.jpg,True
8787.jpg,True
8789.jpg,False
8790.jpg,True
8796.jpg,False
8801.jpg,False
8805.jpg,True
8812.jpg,False
8819.jpg,False
8822.jpg,False
8830.jpg,False
8839.jpg,False
8841.jpg,True
8844.jpg,True
8848.jpg,True
8849.jpg,True
8852.jpg,True
8871.jpg,True
8878.jpg,True
8881.jpg,True
890.jpg,False
8929.jpg,False
8932.jpg,True
8939.jpg,True
896.jpg,True
8970.jpg,False
8978.jpg,True
8982.jpg,True
8983.jpg,True
8990.jpg,True
9.jpg,True
9026.jpg,False
9034.jpg,False
9035.jpg,True
904.jpg,True
9044.jpg,False
9048.jpg,True
9049.jpg,True
9053.jpg,True
9062.jpg,True
907.jpg,True
9075.jpg,True
9098.jpg,True
9108.jpg,False
9117.jpg,True
9121.jpg,False
9124.jpg,True
9126.jpg,True
9130.jpg,True
9132.jpg,False
9137.jpg,True
914.jpg,False
9140.jpg,False
9148.jpg,True
9150.jpg,True
9161.jpg,True
9187.jpg,True
9194.jpg,False
920.jpg,False
9200.jpg,True
9203.jpg,False
9207.jpg,True
9211.jpg,False
9216.jpg,True
9217.jpg,False
9225.jpg,True
9227.jpg,True
924.jpg,True
9240.jpg,False
9260.jpg,False
9287.jpg,True
9291.jpg,True
9299.jpg,False
9306.jpg,True
9313.jpg,False
9316.jpg,False
9323.jpg,False
9325.jpg,False
9329.jpg,True
9346.jpg,True
9353.jpg,True
9359.jpg,False
9368.jpg,True
9375.jpg,False
9377.jpg,False
940.jpg,False
941.jpg,False
9432.jpg,True
9436.jpg,False
9440.jpg,True
9446.jpg,True
9470.jpg,False
9483.jpg,True
9489.jpg,True
95.jpg,False
9500.jpg,False
9502.jpg,True
9510.jpg,False
9513.jpg,True
9515.jpg,False
9524.jpg,False
9525.jpg,True
9527.jpg,False
9533.jpg,False
954.jpg,False
9544.jpg,True
9557.jpg,False
9573.jpg,False
9575.jpg,True
9577.jpg,False
9578.jpg,False
959.jpg,True
9593.jpg,False
96.jpg,True
9608.jpg,False
9613.jpg,False
9617.jpg,True
9632.jpg,False
9648.jpg,True
9651.jpg,True
9661.jpg,True
9662.jpg,True
9667.jpg,False
9678.jpg,True
9696.jpg,True
9721.jpg,False
9725.jpg,True
9727.jpg,True
9731.jpg,False
9735.jpg,True
9758.jpg,True
9760.jpg,True
9761.jpg,True
9765.jpg,False
978.jpg,False
9788.jpg,False
9795.jpg,True
9808.jpg,True
982.jpg,True
9820.jpg,False
983.jpg,False
9836.jpg,False
9849.jpg,True
9850.jpg,True
9854.jpg,False
9857.jpg,False
9860.jpg,False
9861.jpg,False
9877.jpg,False
9888.jpg,True
9939.jpg,False
994.jpg,True
9941.jpg,True
9948.jpg,False
9951.jpg,False
9958.jpg,False
9962.jpg,False
9964.jpg,True
9965.jpg,False
9968.jpg,True
9972.jpg,True
9991.jpg,False
